video_id|channelTitle|title|description|tags|publishedAt|viewCount|likeCount|favoriteCount|commentCount|duration|definition|caption|category|trending_date
nRYpj14DEvk|Dude Perfect|Zombie Airsoft Battle|"5 DUDES vs 1000 ZOMBIES! Our biggest Airsoft Battle EVER! Thanks to Epic Games for sponsoring this video! Click here to hop into Fortnite OG: https://pixly.go2cloud.org/SH44M
â–º Thanks for subscribing! - http://bit.ly/SubDudePerfect

A huge special thank you to Swamp Sniper and Ballahack Airsoft for the epic location and getting all of our incredible Zombie Extras! Ya'll were incredible!
â–º Check out his channel here:  @SwampSniper 

Another special thanks to the one and only Jeff Steitzer for the incredible VO's!

Music by War*Hall: ""Blast Off""
â–º https://open.spotify.com/track/03w4b0NwpbfHlB1jfpPIXT?si=3c16cb28a8724eb0

NEXT LEVEL STUFF 
-------------------------------------------
ğŸ’ NEW Merch - http://bit.ly/DPStore
ğŸ“± Text us - (469) 205-7005
ğŸ”” Hit the bell next to Subscribe so you don't miss a video!
ğŸ‘¨ğŸ»â€ğŸ’» Watch our newest vids! - http://bit.ly/NewDPVids
ğŸ“• Read our Book - ""101 Tips, Tricks and Cool Stuff"" - https://bit.ly/NewDPBook

Follow our Instagrams so we can be best friends 
-------------------------------------------
ğŸ† http://Instagram.com/DudePerfect
ğŸ§”ğŸ» http://Instagram.com/TylerNToney
ğŸ‘±ğŸ»â€â™‚ï¸ http://Instagram.com/Cody_Jones_
ğŸ™‹ğŸ»â€â™‚ï¸ http://Instagram.com/CobyCotton
ğŸ‘¨â€ğŸ¦° http://Instagram.com/GarrettHilbert
â›¹ğŸ»â€â™‚ï¸ http://Instagram.com/CoryCotton
-------------------------------------------
""BLAST OFF""
Performed by WAR*HALL
Courtesy of Position Music and Zync Music
Written by TIM MYERS and TYRONE WELLS
Â© POSITION MUSIC PUBLISHING (ASCAP) / TYRONE WELLS MUSIC (ASCAP) / HUGS & HIGH FIVES (ASCAP) / SONGS OF ZYNC (ASCAP)
-------------------------------------------
Bonus points if you're still reading this! 
Comment: Comment how many video game references are in this video!

Click here to learn more about Dude Perfect:
http://bit.ly/AboutDudePerfect

As always...Go Big and God Bless!
- Your friends at Dude Perfect

Business or Media, please contact us at: 
Dude@DudePerfect.com

------------

5 Best Friends and a Panda.
If you like Sports + Comedy, come join the Dude Perfect team!

Best known for trick shots, stereotypes, battles, bottle flips, ping pong shots and all-around competitive fun, Dude Perfect prides ourselves in making the absolute best family-friendly entertainment possible! Welcome to the crew! 

Pound it ğŸ‘ŠğŸ» Noggin ğŸ™‡ğŸ»â€â™‚ï¸ 
- Dude Perfect"|['dude perfect', 'dude perfect stereotypes', 'dude perfect water bottle flip', 'bottle flip', 'water bottle flip', 'dude perfect bottle flip', 'dude perfect basketball', 'dp', 'dude perfect world record', 'edition', 'nerf', 'trick shots', 'trick shot', 'family', 'ping pong', 'bowling', 'clean', 'family friendly', 'bubble wrap', 'soccer', 'football', 'spinner', 'spinners', 'fidget spinners', 'dude', 'airsoft', 'zombies', 'minecraft', 'fortnite', 'halo', 'creepers', 'videogames']|2023-11-04T14:00:00Z|2191411|93799|0|3626|PT13M15S|hd|false|Sports|2023-11-05 14:26:56.029742
rg-2DSAL-Yw|Nick Eh 30|NickEh30 reacts to OG Fortnite!|"Fortnite Chapter 4 Season 5 time travels us back to Fortnite Chapter 1! (Fortnite OG)
0:00 Fortnite's Time Travel Storyline
0:26 Easter Egg from OG Fortnite
0:33 Waiting in queue lol...
0:45 It's Fortnite it's free
0:57 OG dancing
1:10 Over 5M players on Fortnite
1:26 OG pre-game Lobby
1:34 OG Map
2:03 My first drop (Pleasant Park)
2:40 Loot Lake
2:57 OG Items
3:15 First Build Battle in OG Fortnite
3:37 New POI sound
3:40 Salty Springs
4:10 OG Traps
4:29 My favourite OG landing spot
4:51 Dusty Divot
5:04 Double Pump
5:10 Boogie Bombs
5:31 Shopping Carts
6:38 INSANE Boogie Bomb clutch
7:19 Smoke Bomb Reboot in Tilted
8:18 OG Llamas
8:26 Perfectly placed Port-a-Fort
9:05 EPIC Clutches
9:33 Shopping Cart & Grapple
9:56 OG Sniping
10:13 Movement Glitch
10:19 100% accuracy with Scoped AR
10:38 Smoke Bombs EVERYWHERE
12:48 First win in OG Fortnite!
16:07 New Victory Glider
16:16 Code NickEh30
16:24 Fortnite Funland (2057-3742-0636)
16:31 Outro

ğŸª™ Support-A-Creator code: NickEh30 (Epic Partner)
ğŸ® Streamed live on Twitch â” https://www.Twitch.tv/NickEh30

â”â”â”â”â”â”â”â”â”â”â”â”â”

ğŸ® YOUTUBE SHORTS â” @NickEh30Shorts

ğŸ“· INSTAGRAM â” https://Instagram.com/NickEh30

ğŸ¦ TWITTER â” https://Twitter.com/NickEh30

ğŸ­ FACEBOOK â” https://Facebook.com/NickEh30

ğŸ“½ï¸ TIKTOK â” https://www.tiktok.com/@nickeh30

ğŸ“± DISCORD â” https://www.Discord.gg/NickEh30

ğŸ–¼ï¸ SNAPCHAT â” https://www.Snapchat.com/add/NickEh30

â”â”â”â”â”â”â”â”â”â”â”â”â”

ğŸ“º More Fortnite BEST Moments (Full Playlist) â” https://www.youtube.com/playlist?list=PLcVnblva-BZRLH-RMYpewRKnXNuMY0yPY

ğŸ“º More Fortnite Update Reactions (Full Playlist) â” https://www.youtube.com/playlist?list=PLcVnblva-BZSuIfUmaS53VZPXgsUtztEj

ğŸ“º More DUOS/SQUADS! (Full Playlist) â” https://www.youtube.com/playlist?list=PLcVnblva-BZRgqlDyOYlxKbBm2Wx_uiqn

â”â”â”â”â”â”â”â”â”â”â”â”â”

ğŸ“® Send Nick Eh 30 mail:

Nick Eh 30
PO Box 31047 Gladstone
Halifax, Nova Scotia
B3K 5T9

â€¢ All mail/packages should be sent using Canada Post (not UPS, FedEx, etc.), please and thank you. ğŸ™‚

â”â”â”â”â”â”â”â”â”â”â”â”â”

#Fortnite #CodeNickEh30"|['fortnite', 'fortnite gameplay', 'fortnite battle royale', 'fortnite funny moments', 'fortnite new update', 'fortnite victory royale', 'Fortnite Item Shop', 'Fortnite funny', 'Fortnite tips', 'Fortnite Update', 'Fortnite How To Win', 'Fortnite how to play', 'Fortnite Victory Royale', 'Fortnite tournament', 'fortnite best moments', 'Fortnite event', 'Nick eh 30', 'FORTNITE new map', 'Fortnite live', 'Fortnite nick eh 30', 'fortnite new season', 'Fortnite Chapter 5', 'Fortnite og', 'og fortnite', 'Fortnite chapter 1']|2023-11-05T00:26:47Z|722419|22829|0|1499|PT16M43S|hd|false|Gaming|2023-11-05 14:26:56.029785
Opxhh9Oh3rg|TheBeatlesVEVO|The Beatles - Now And Then (Official Music Video)|"Now and Then's eventful journey to fruition took place over five decades and is the product of conversations and collaborations between the four Beatles that go on to this day. The long mythologised John Lennon demo was first worked on in February 1995 by Paul, George and Ringo as part of The Beatles Anthology project but it remained unfinished, partly because of the impossible technological challenges involved in working with the vocal John had recorded on tape in the 1970s. For years it looked like the song could never be completed. But in 2022 there was a stroke of serendipity. A software system developed by Peter Jackson and his team, used throughout the production of the documentary series Get Back, finally opened the way for the uncoupling of Johnâ€™s vocal from his piano part. As a result, the original recording could be brought to life and worked on anew with contributions from all four Beatles. This remarkable story of musical archaeology reflects The Beatlesâ€™ endless creative curiosity and shared fascination with technology. It marks the completion of the last recording that John, Paul and George and Ringo will get to make together and celebrates the legacy of the foremost and most influential band in popular music history.

Video Director: Peter Jackson
Video Producers: Peter Jackson, Clare Olssen, Jonathan Clyde
Audio Producers: Paul McCartney and Giles Martin
Production Company: WingNut Films Productions Ltd

Pre-order Now And Then: https://TheBeatles.lnk.to/NowAndThenYT
Pre-order Red and Blue: https://TheBeatles.lnk.to/RedAndBlue2023YT

Watch more videos from The Beatles: https://thebeatles.lnk.to/YTPlaylists Subscribe to The Beatlesâ€™ YouTube channel & ring the bell to never miss a new video: https://thebeatles.lnk.to/YTSignup Sign up for The Beatlesâ€™ Official Email List: https://www.thebeatles.com/newsletter   Stream The Beatles: ğŸ™ï¸ Apple Music: https://thebeatles.lnk.to/stream/AppleMusic ğŸ™ï¸ Spotify: https://thebeatles.lnk.to/stream/Spotify ğŸ™ï¸ Amazon Music: https://thebeatles.lnk.to/stream/AmazonMusic ğŸ™ï¸ Pandora: https://thebeatles.lnk.to/stream/Pandora ğŸ™ï¸ Tidal: https://thebeatles.lnk.to/stream/Tidal ğŸ™ï¸ Deezer: https://thebeatles.lnk.to/stream/Deezer ğŸ™ï¸ YouTube Music: https://thebeatles.lnk.to/stream/YouTubeMusic   Follow The Beatles:  â­ https://www.thebeatles.com â­ https://www.instagram.com/thebeatles
â­ https://www.facebook.com/thebeatles
â­ https://www.tiktok.com/@thebeatles
â­ https://twitter.com/thebeatles
 
#TheBeatles #NowAndThen #JohnLennon #PaulMcCartney #GeorgeHarrison #RingoStarr"|['The', 'Beatles', 'Now', 'And', 'Then', 'UMC', '(Universal', 'Music', 'Catalogue)', 'Rock', 'ãƒ“ãƒ¼ãƒˆãƒ«ã‚º', 'ë¹„í‹€ì¦ˆ', 'æŠ«é ­å››åˆå”±åœ˜', 'æŠ«å¤´å£«ä¹é˜Ÿ']|2023-11-03T13:00:09Z|18961267|772707|0|51321|PT4M36S|hd|true|Music|2023-11-05 14:26:56.029789
VodC8p8RYO4|E! News|"Matthew Perry Laid to Rest: 'Friends' Cast in Attendance | E! News"|"The 'Friends' actor is laid to rest. Perry's castmates, Jennifer Aniston, Lisa Kudrow, Courteney Cox, Matt LeBlanc and David Schwimmer were there to say goodbye. Matthew Perry's funeral comes nearly a week after the star died in an apparent drowning at this Los Angeles home Oct. 28.

Full Story: https://www.eonline.com/news/1389280/matthew-perry-laid-to-rest-at-private-funeral-attended-by-friends-cast?source=youtube&medium=enews

#MatthewPerry #Friends #ENews 

Subscribe: http://bit.ly/enewssub

About E! News:
The E! News team brings you the latest breaking entertainment, fashion and Pop Culture news. Featuring exclusive segments, celebrity highlights, trend reports and more, the E! News channel is the only destination Pop Culture fans need to stay in the know.

Download The E! News App For The Latest Celebrity News and Trending Videos: https://eonline.onelink.me/yMtl/4ead5017

Your favorite shows, movies and more are here. Stream now on Peacock. https://bit.ly/PeacockEEnt

Connect with E! News:
Visit the E! News WEBSITE: http://eonli.ne/enews
Like E! News on FACEBOOK: https://www.facebook.com/enews/
Check out E! News on INSTAGRAM: https://www.instagram.com/enews/
Follow E! News on TWITTER: https://twitter.com/enews

Matthew Perry Laid to Rest: 'Friends' Cast in Attendance | E! News
http://www.youtube.com/user/enews"|"['E! News Now', 'DAVID SCHWIMMER', 'DAVID_SCHWIMMER', 'FRIENDS', 'JENNIFER ANISTON', 'JENNIFER_ANISTON', 'LISA KUDROW', 'LISA_KUDROW', 'MATT LEBLANC', 'MATT_LEBLANC', 'MATTHEW PERRY', 'MATTHEW_PERRY', 'PARTNER AMAZON', 'TOP STORIES', 'WOCHIT', 'E! NEWS NOW', 'matthew perry funeral', 'matthew perry funeral live', 'matthew perry death cause', 'matthew perry death announcement', 'matthew perry interview', 'matthew perry tribute', 'matthew perry friends cast attends funeral', ""Matthew Perry Laid to Rest: 'Friends' Cast in Attendance""]"|2023-11-04T03:00:06Z|2059514|3324|0|527|PT2M20S|hd|false|Entertainment|2023-11-05 14:26:56.029791
6EiV6oIKPEA|LazarLazar|OG Fortnite Is Back|"ğŸ“·MAIN CHANNEL - https://www.youtube.com/lazarbeam
ğŸ¤TWITTER - https://twitter.com/lazarbeam"|['lazarbeam', 'fortnite']|2023-11-04T05:54:01Z|2641819|128586|0|3224|PT10M1S|hd|false|Gaming|2023-11-05 14:26:56.029793
im64Uvxqzmc|beIN SPORTS USA|"Boca Juniors (ARG) vs Fluminense (BRA) | LIBERTADORES HIGHLIGHTS | 11/04/2023 | beIN SPORTS USA"|"Under Fernando Diniz's leadership, Fluminense secured their spot in the ""Eternal Glory"" after clinching the #Libertadores for the FIRST TIME at ""their"" MaracanÃ¡ ğŸ¥³. 

Catch the latest highlights of Ligue 1ğŸ‡«ğŸ‡·, Turkish SÃ¼per LigğŸ‡¹ğŸ‡·, 
Copa LibertadoresğŸ†, Copa SudamericanağŸ¥‡ on our YouTube channel.
Follow the latest news on beIN SPORTS.com and stream all our matches on our beIN SPORTS CONNECT app or on our beIN XTRA channels.
Download beIN SPORTS CONNECT on Apple devices: https://tinyurl.com/y4bd3osh
Download beIN SPORTS CONNECT on Android devices: https://tinyurl.com/yxlst4vj

#BocaJuniors #Fluminense #CopaLibertadores"|['Boca Juniors', 'Fluminense', 'Boca Juniors vs Fluminense', 'Boca', 'Libertadores', 'Copa Libertadores', 'Copa Libertadores final', 'Highlights', 'goals', 'red cards', 'south american football', 'south american soccer', 'south american tournaments', 'bein sports usa', 'boca juniors vs fluminense 2023', 'boca juniors en vivo']|2023-11-04T22:56:21Z|145143|1765|0|315|PT20M58S|hd|false|Sports|2023-11-05 14:26:56.029795
DOZNRoL0310|Megan Thee Stallion|Megan Thee Stallion - Cobra [Official Video]|"The official video for Megan Thee Stallion's ""Cobra"" - OUT NOW!

Stream ""Cobra"": https://mts.lnk.to/cobra

Download on ITunes: https://music.apple.com/us/album/cobra-single/1714895312

Text Megan Thee Stallion:
(832) 210-1202

Follow Megan Thee Stallion:
https://www.instagram.com/theestallion
https://www.tiktok.com/@theestallion
https://twitter.com/theestallion
https://www.facebook.com/theestallionn
https://soundcloud.com/megan-thee-stallion

--
#MeganTheeStallion #Cobra #OfficialVideo"|['Megan Thee Stallion', 'Rap', 'Houston', 'Hottie', 'Hip Hop 2019', 'Hip Hop', 'Megan Thee Stallion Cobra', 'megan thee stallion', 'meg thee stallion', 'meg the stallion', 'meg', 'megan', 'thee', 'stallion', 'Megan Thee Stallion - Cobra [Official Video]', 'megan thee stallion cobra', 'cobra megan thee stallion', 'meg the stallion new music', 'hottie', 'houston rapper', 'houston female artist', 'meg the stallion cobra', 'cobra meg thee stallion', 'megan the stallion cobra', 'cobra megan the stallion', 'cobra meg the stallion', 'cobra', 'Cobra']|2023-11-03T04:00:07Z|3918892|302267|0|20159|PT3M29S|hd|false|Music|2023-11-05 14:26:56.029797
OPo5_EBO5JM|Alan Becker|The Box - Animator vs. Animation VI - Ep 2|"Anything goes, in The Box

ğŸ– ASK ME ANYTHING! â–º https://www.youtube.com/noogai89/join 

ğŸ‘• MERCH! â–º https://alanbecker.shop

ğŸ’¬DISCORD SERVER â–º https://discord.gg/alanbecker 

ğŸ•¹ï¸ANIMATORS VS GAMES â–º  @AnimatorsVSGames 

ğŸ“·INSTAGRAM â–º http://www.instagram.com/alanbecker 

âœï¸TWITTER â–º http://twitter.com/alanthebecker 

ğŸ”¹ğŸ”¶ANIMATIONğŸ”¶ğŸ”¹
ğŸ”¹ STORYBOARDERS
Terkoiz
Josh Ryba
ğŸ”¹ ANIMATORS
@eds7236 
@Fordz 
@tjb7345 
@ajanimm 
@Hexalhaxel 
@Nemo0501 
@kayalartwork 
@DaSassyOwl 
@ShadowQrow 
@ARCpersona 
@Ellis02Media 
Exceld
JasonTheBoring
@SimpleFox1 
@Shuriken255 
@n8sterAnimates 
@CoreAdro 
@smoilysheep4670 
@AnimatedZorox 
@DevilBoyAnimation 
ğŸ”¹ğŸ”¶BACKGROUNDSğŸ”¶ğŸ”¹
LEAD: Luenfire https://twitter.com/luenfire
ğŸ”¹ PAINTED
Double Apple 
Lorkhatosh
@Fabian_Banu 
IMPFORHIRE
@Kyokaz 
@Sifter2D 
Kwinri
ğŸ”¹ 3D
@Kyokaz 
@UnderMineBlox 
Double Apple
Lorkhatosh
ğŸ”¹ğŸ”¶SOUND DESIGNğŸ”¶ğŸ”¹ 
Egor https://twitter.com/E_SoundWork
@dan_loeb 
ğŸ”¹ğŸ”¶EDITORğŸ”¶ğŸ”¹
@dan_loeb 
ğŸ”¹ğŸ”¶ MUSICğŸ”¶ğŸ”¹ 
@ScottBuckley 
ğŸ”¹ğŸ”¶ PRODUCTION MANAGERğŸ”¶ğŸ”¹
 @hatena360 
ğŸ”¹ğŸ”¶ PROJECT LEADğŸ”¶ğŸ”¹
@Fabian_Banu"||2023-11-04T12:00:10Z|4364923|299740|0|17690|PT16M1S|hd|false|Film & Animation|2023-11-05 14:26:56.029799
4DlbRC10CFY|TD BRICKS|WORLD'S BIGGEST FEARS in LEGO...|"I built 37 of your most common and biggest fears using Lego...

ğŸ¥ INSTAGRAM for BTS, sneak peaks, updates, announcements: https://www.instagram.com/td_the_creator/

ğŸ“±TIKTOK: tiktok.com/@td_the_creator

âœ‰ï¸ EMAIL for business: td.brickz@gmail.com

ğŸ¶ MUSIC credits:
Epidemic Sound: https://share.epidemicsound.com/c3oiyn

Frequently asked questions:
Where do I buy my Lego?
- Bricklink.com and Lego store pick a brick wall
Do I have instructions for my Lego builds?
- No
What software do I use to edit my videos?
-  Final Cut Pro X
What gear do I use to film/record my videos?
- Canon EOS R8, RODE VideoMic Go"|['Lego', 'Legos', 'Lego moc', 'Lego creation', 'Lego set', 'Lego fears', 'Fears', 'Fears in lego', 'Biggest fears in lego', 'Worlds biggest fears in lego', 'Lego minifig', 'Lego minifigure', 'Lego movie', 'Lego meme', 'Lego builder']|2023-11-04T13:00:54Z|1145499|28026|0|3155|PT8M14S|hd|false|Entertainment|2023-11-05 14:26:56.029801
UAeJHAFjwPM|Veritasium|World's Best Night Vision vs World's Darkest Room|"We visited the US Navy to test the best night vision goggles in the world. Head to https://brilliant.org/veritasium to start your free 30-day trial, and the first 200 people get 20% off an annual premium subscription.

If youâ€™re looking for a molecular modeling kit, head to https://ve42.co/SnatomsV to try Snatoms â€“ a kit I invented where the atoms snap together magnetically.

Huge thanks to Dr. Ben Conley and the entire team at the Naval Surface Warfare Center, Crane Division. You can check out more of their work here: https://www.navsea.navy.mil/Home/Warfare-Centers/NSWC-Crane/ 
Or their YouTube channel here: https://www.youtube.com/NSWCCraneDivision

â–€â–€â–€
Video References:
Tyson, J. (2001). How Night Vision Works. How Stuff Works. â€“ https://ve42.co/HSWNightVision
Montoro, H. P. Image Intensification: The Technology of Night Vision. Photonics. â€“ https://ve42.co/PhotonicsTech
Brain Stuff - HowStuffWorks via YouTube â€“ https://ve42.co/HSWVideo
Photonis via YouTube â€“ https://ve42.co/Photonis
Operator Drewski via YouTube â€“ https://ve42.co/NVGaming
Night-vision device via Wikipedia â€“ https://ve42.co/NVWiki
Image intensifier via Wikipedia â€“ https://ve42.co/Intensifier
Lodriguss, J. How Digital Cameras Work. AstroPix. â€“https://ve42.co/AstroPix
Kinka-Byo. (2019). What is the physical cause of increasing noise at high ISO? StackExchange. â€“ https://ve42.co/PhotoISO
Macias, A. (2015). The secret NVGs SEAL Team Six wore on the Bin Laden raid. Business Insider. â€“ https://ve42.co/BINightVision
Van Dommelen, L. Thermionic EmisÂ­sion. QuanÂ­tum MeÂ­chanÂ­ics for EnÂ­giÂ­neers. â€“ https://ve42.co/Thermoionic
Nave, R. (2016). Blackbody Radiation. HyperPhysics. â€“ https://ve42.co/BlackBody
Night Vision Terminology - Generations. ModArmory. â€“ https://ve42.co/ModArmory
NASA (2018). X-ray Detectors - Electrical Current Detections. â€“ https://ve42.co/NASAXRay

Images & Video:
Osama Bin Laden report, via CNN on YouTube - https://ve42.co/CNNOBL
Sicario Night Raid Scene, via Movieclips on YouTube - https://ve42.co/Sicario
Splinter Cell footage, via Ubisoft on YouTube - https://ve42.co/SplinterCell
Step Brothers Night Vision Scene, via masusockvevo on YouTube - https://ve42.co/StepBrothers
Ukraine report, via CNN on YouTube - https://ve42.co/CNNUkraine
FLIR K2 Thermal Imaging Camera footage, via Teledyne FLIR on YouTube - https://ve42.co/FLIRK2
Chandra X-ray Observatory imagery, via NASA - https://ve42.co/NASAChandra

â–€â–€â–€
Special thanks to our Patreon supporters:
Adam Foreman, Anton Ragin, Balkrishna Heroor, Bernard McGee, Bill Linder, Burt Humburg, Chris Harper, Dave Kircher, Diffbot, Evgeny Skvortsov, Gnare, John H. Austin, Jr., john kiehl, Josh Hibschman, Juan Benet, KeyWestr, Lee Redden, Marinus Kuivenhoven, Mario Bottion, Max Maladino, Meekay, meg noah, Michael Krugman, Paul Peijzel, Richard Sundvall, Sam Lutfi, Stephen Wilcox, Tj Steyn, TTST, Ubiquity Ventures

â–€â–€â–€
Directed by Emily Zhang
Written by Emily Zhang and Derek Muller
Edited by Trenton Oliver
Animated by Mike Radjabov, Fabio Albertelli, and Ivy Tello
Filmed by Trenton Oliver, Emily Zhang, Derek Muller, and Raquel Nuno
Produced by Emily Zhang and Derek Muller

Thumbnail by Ren Hurley
Additional video/photos supplied by Getty Images and Pond5
Music from Epidemic Sound"|['veritasium', 'science', 'physics', 'night vision', 'night vision goggles', 'navy', 'us navy', 'goggles', 'night vision tech']|2023-11-04T13:00:31Z|1439667|71257|0|2841|PT27M16S|hd|true|Education|2023-11-05 14:26:56.029803
mwKJfNYwvm8|MrBeast|I Built 100 Wells In Africa|"Click the link below to donate 
https://www.beastphilanthropy.org/campaign/mrbeast-100-wells

New Merch - https://mrbeast.store 

SUBSCRIBE OR I TAKE YOUR DOG 
â•”â•â•¦â•—â•”â•¦â•—â•”â•â•¦â•â•¦â•¦â•¦â•¦â•—â•”â•â•— 
â•‘â•šâ•£â•‘â•‘â•‘â•šâ•£â•šâ•£â•”â•£â•”â•£â•‘â•šâ•£â•â•£ 
â• â•—â•‘â•šâ•â•‘â•‘â• â•—â•‘â•šâ•£â•‘â•‘â•‘â•‘â•‘â•â•£ 
â•šâ•â•©â•â•â•©â•â•©â•â•©â•â•©â•â•šâ•©â•â•©â•â• 

For any questions or inquiries regarding this video, please reach out to chucky@mrbeastbusiness.com 

---------------------------------------------------------------- 
follow all of these or i will kick you 
â€¢ Facebook - https://www.facebook.com/MrBeast6000/ 
â€¢ Twitter - https://twitter.com/MrBeast 
â€¢ Instagram - https://www.instagram.com/mrbeast 
â€¢ Im Hiring! - https://www.mrbeastjobs.com/ 
--------------------------------------------------------------------"||2023-11-04T16:00:00Z|43936209|4128815|0|101822|PT10M30S|hd|true|Entertainment|2023-11-05 14:26:56.029805
AFUKnherhuw|Marvel Entertainment|"Marvel Studios' Echo | Official Trailer | Disney+ and Hulu"|"No bad deed goes unpunished.

All episodes of Marvel Studios' #Echo, a new Original series, streaming January 10 on @DisneyPlus & @Hulu.

Set your Disney+ profile to TV-MA to stream.

All episodes will be available on Hulu until April 9.

â–º Watch Marvel on Disney+: https://bit.ly/2XyBSIW
â–º Subscribe to Marvel on YouTube: http://bit.ly/WeO3YJ

Follow Marvel on Twitter: â€ªhttps://twitter.com/marvel
Like Marvel on Facebook: â€ªhttps://www.facebook.com/marvel
Watch Marvel on Twitch: https://www.twitch.tv/marvel

Reward your Marvel fandom by joining Marvel Insider!
Earn points, then redeem for awesome rewards.
Terms and conditions apply. 
Learn more at https://www.marvel.com/insider?Osocial=YT&CID=MarvelInsider

For even more news, stay tuned to:
Tumblr: â€ªhttp://marvelentertainment.tumblr.com/
Instagram: https://www.instagram.com/marvel
Pinterest: â€ªhttp://pinterest.com/marvelofficial
Reddit: http://reddit.com/u/marvel-official"|['marvel', 'comics']|2023-11-03T16:00:55Z|4489865|125202|0|9958|PT1M56S|hd|true|Entertainment|2023-11-05 14:26:56.029807
LAnm7QH1J7w|BANGTANTV|ì •êµ­ (Jung Kook) 'Standing Next to You' @ iHeartRadio LIVE|"#ì •êµ­ #JungKook #StandingNextToYou
Jung Kook performs â€œStanding Next to Youâ€. Watch his full iHeartRadio LIVE show on December 11th @ 5pm PST in VR only in Meta Horizon Worlds. #iHeartJungKook @MetaQuestVR 

Connect with BTS: 
https://ibighit.com/bts 
http://twitter.com/BTS_bighit
http://twitter.com/BTS_twt 
http://www.facebook.com/bangtan.official 
https://www.youtube.com/user/BANGTANTV 
http://instagram.com/BTS.bighitofficial 
https://www.tiktok.com/@bts_official_bighit
https://weverse.onelink.me/qt3S/94808190
https://www.weibo.com/BTSbighit
https://www.weibo.com/BTSmembers 
http://btsblog.ibighit.com"|['ë°©íƒ„ì†Œë…„ë‹¨', 'BTS', 'BANGTAN', 'ì•Œì— ', 'RM', 'ìŠˆê°€', 'SUGA', 'ì œì´í™‰', 'jhope', 'ì§€ë¯¼', 'ì •êµ­', 'k-pop', 'ë°©íƒ„', 'j-hope', 'Jung Kook', 'Jimin', 'BTS V', 'Jin']|2023-11-05T03:00:43Z|1593266|353629|0|14628|PT3M29S|hd|false|Music|2023-11-05 14:26:56.029809
ZbJXE3jpOS4|JStu|OVERNIGHT SURVIVAL CHALLENGE *HOBBY LOBBY ITEMS ONLY*|"OVERNIGHT SURVIVAL CHALLENGE *HOBBY LOBBY ITEMS ONLY*
CHECK OUT OUR MERCH! â–º https://jstushop.com

Join JSTU Country on Discord:
https://discord.gg/BafuDuM

Follow us on INSTAGRAM!
âš¡ï¸Justin - https://www.instagram.com/itsjustinstuart
âš¡ï¸Andrew - https://www.instagram.com/andrewscites 


----------------------------------------Â­Â­Â­Â­Â­Â­Â­Â­---------------------------------Â­-Â­-Â­-Â­-Â­-
Our motto on this channel is LAUGH DAILY! Why is this our motto? Because we believe in the importance of laughing daily, we strive to bring joy to people's lives by watching our content. 
""A joyful heart is good medicine, but a crushed spirit dries up the bones.""  Proverbs 17:22  We love this verse and it is the driving force behind our videos and why we do what we do! 

----------------------------------------Â­Â­Â­Â­Â­Â­Â­Â­---------------------------------Â­-Â­-Â­-Â­-Â­-
â€¢ Contact (Business Only) : jstu@delkatalents.com"|['Jstu', 'Morejstu', 'jstu', 'build battle', 'budget challenge', 'hobby lobby items only']|2023-11-04T18:00:15Z|485053|19376|0|1141|PT29M44S|hd|false|Entertainment|2023-11-05 14:26:56.029811
d6qCbdXqsOs|ã½ã«ãã‚ƒã‚“-Anime PONY CANYON|TVã‚¢ãƒ‹ãƒ¡ã€Œé€²æ’ƒã®å·¨äººã€The Final Seasonå®Œçµç·¨ï¼ˆå„è©±ç‰ˆï¼‰ãƒãƒ³ã‚¯ãƒ¬ã‚¸ãƒƒãƒˆOPï½œLinked Horizonã€Œæœ€å¾Œã®å·¨äººã€|"TVã‚¢ãƒ‹ãƒ¡ã€Œé€²æ’ƒã®å·¨äººã€The Final Seasonå®Œçµç·¨(å„è©±ç‰ˆ)ãƒãƒ³ã‚¯ãƒ¬ã‚¸ãƒƒãƒˆOP 
Linked Horizonã€æœ€å¾Œã®å·¨äººã€ã‚’ç‰¹åˆ¥å…¬é–‹ï¼

é€²æ’ƒã®å·¨äººãƒ—ãƒ¬ã‚¤ãƒªã‚¹ãƒˆå…¬é–‹ä¸­ï¼
https://map.lnk.to/shingekinokyojinTW

ã€Œé€²æ’ƒã®å·¨äººã€The Final Seasonå®Œçµç·¨ï¼ˆå„è©±ç‰ˆï¼‰ã‚ªãƒ¼ãƒ—ãƒ‹ãƒ³ã‚°ãƒ†ãƒ¼ãƒ
Linked Horizonã€Œæœ€å¾Œã®å·¨äººã€11/6é…ä¿¡ï¼
https://lnk.to/LH_ds02_S

TVã‚¢ãƒ‹ãƒ¡ã€Œé€²æ’ƒã®å·¨äººã€The Final Season å®Œçµç·¨(å¾Œç·¨)ä¸»é¡Œæ­Œ
Linked Horizonã€ŒäºŒåƒå¹´â€¦ è‹¥ã—ãã¯â€¦ äºŒä¸‡å¹´å¾Œã®å›ã¸ãƒ»ãƒ»ãƒ»ã€é…ä¿¡ä¸­ï¼
https://lnk.to/LH_ds01_N



TVã‚¢ãƒ‹ãƒ¡ã€Œé€²æ’ƒã®å·¨äººã€The Final Seasonå®Œçµç·¨ï¼ˆå„è©±ç‰ˆï¼‰ï¼å®Œçµç·¨ï¼ˆå¾Œç·¨ï¼‰
Leminoã€dã‚¢ãƒ‹ãƒ¡ã‚¹ãƒˆã‚¢ã€Netflixã€TELASAã€U-NEXTã€Amazon Prime Videoã€DMM TVã€ABEMAã«ã¦11æœˆ5æ—¥ï¼ˆæ—¥ï¼‰æ­£åˆä»¥é™ã€éšæ™‚é…ä¿¡é–‹å§‹ï¼

é€²æ’ƒã®å·¨äºº / Attack on Titan
Website https://shingeki.tv/final/
Twitter https://twitter.com/anime_shingeki
Instagram https://www.instagram.com/anime_shingeki_official/
TikTok https://www.tiktok.com/@shingeki_anime_official?

Linked Horizon
10th Anniversary Project https://shingeki.linked-horizon.com/
Website https://linked-horizon.com/
Music https://lnk.to/LinkedHorizon
Twitter https://twitter.com/L_Horizon_info
YouTube https://www.youtube.com/@linkedhorizon0822


Â©è««å±±å‰µãƒ»è¬›è«‡ç¤¾ï¼ã€Œé€²æ’ƒã®å·¨äººã€The Final Seasonè£½ä½œå§”å“¡ä¼š
#é€²æ’ƒã®å·¨äºº #AttackonTitan #AOT #shingeki #LinkedHorizon #ãƒªãƒ³ãƒ›ãƒ©"|['ãƒãƒ‹ãƒ¼ã‚­ãƒ£ãƒ‹ã‚ªãƒ³', 'ã‚¢ãƒ‹ãƒ¡']|2023-11-05T03:00:22Z|1735601|125865|0|4310|PT1M31S|hd|true|Film & Animation|2023-11-05 14:26:56.029812
_FkOCDNxS4c|SocksStudios|tattoos|"subscribe i guess? idk 


Twitter  â†’ https://bit.ly/2MrebAu
Reddit â†’ https://bit.ly/3apoz3C
Discord  â†’ https://bit.ly/3aoc08U
Insta  â†’  https://bit.ly/2MRg4WP
Facebook â†’ https://bit.ly/3LsRSWn
Snapchat â†’ https://bit.ly/48iD46w



friends in video
 @Joocie 
 @FatMemeGod 
 @allyvt 
 @BlazaPlays 
 @TbhHonest  
 @oofistooshortt 

amazing team
spencer quinne https://twitter.com/pigiiart
ITEL https://twitter.com/itelldraws
COOL https://twitter.com/coolnaisu"|['funny animations', 'funny cartoons', 'animation', 'cartoons', 'tattoo', 'funny', 'funny cartoon', 'cartoon', 'tattoos', 'cartoon tattoos', 'cartoon box funny', 'funny videos cartoon', 'funny video', 'cartoon funny video', 'cartoon tattoo designs', 'tattoo artist', 'water tattoo', 'handmade tattoo', 'best cartoons', 'comedy', 'funny animation', 'funny anime moments', 'animated cartoon', 'classic cartoons', 'funny anime moment', 'spider tattoo on hand', 'spider tattoo on neck', 'anime funny moments', 'most pain you can feel', 'animations']|2023-11-04T16:00:32Z|435860|20289|0|1821|PT13M15S|hd|false|Comedy|2023-11-05 14:26:56.029814
iyV-xYb5VN4|WWE|Full WWE Crown Jewel 2023 highlights|"Check out all the action from WWE Crown Jewel 2023, featuring Rhea Ripley, John Cena, Seth ""Freakin"" Rollins, IYO SKY, LA Knight, Roman Reigns and more! Catch WWE action on Peacock, WWE Network, FOX, USA Network, Sony India and more. #WWECrownJewel
Stream WWE on Peacock https://pck.tv/3ZTjVE7 in the U.S. and on WWE Network http://wwe.yt/wwenetwork everywhere else
---------------------------------------------------------------------
Follow WWE for more exciting action! - Subscribe to WWE on YouTube: http://wwe.yt/
---------------------------------------------------------------------
Check out WWE.com for news and updates: http://goo.gl/akf0J4
Watch WWE on Sony in India: http://www.wwe.com/SonySportsNetwork
Watch WWE on Disney+ Hotstar in Indonesia: http://www.wwe.com/hotstar
Watch WWE on Shahid: http://www.wwe.com/yt-shahid
Find the latest Superstar gear at WWEShop: http://shop.wwe.com
---------------------------------------------
Check out these other channels!
---------------------------------------------
UpUpDownDown: https://www.youtube.com/upupdowndown
Celtic Warrior Workouts: https://www.youtube.com/@CelticWarriorWorkouts
WWE Music: https://www.youtube.com/wwemusic
------------------------------------
WWE on Social Media
------------------------------------
Twitter: https://twitter.com/wwe
Facebook: https://www.facebook.com/wwe
Instagram: https://www.instagram.com/wwe/
TikTok: https://www.tiktok.com/@wwe
Giphy: https://giphy.com/wwe
------------------------------------"|['Damage CTRL', 'Damian Priest', 'JD McDonagh', 'John Cena', 'Nia Jax', 'Raquel Rodriguez', 'Rhea Ripley', 'Sami Zayn', 'Seth Freakin Rollins', 'Shayna Baszler', 'The Judgment Day', 'Zoey Stark', 'superstars', 'world wrestling entertainment', 'wrestle', 'wrestler', 'wrestling', 'wwe', 'wwe 2023', 'Ù…ØµØ§Ø±Ø¹Ù‡', 'à¤•à¥à¤¶à¥à¤¤à¥€', 'à¤¡à¤¬à¥à¤²à¥‚ à¤¡à¤¬à¥à¤²à¥‚ à¤ˆ', 'à¤ªà¤¹à¤²à¤µà¤¾à¤¨', 'à¤¸à¥à¤ªà¤°à¤¸à¥à¤Ÿà¤¾à¤°', 'Crown Jewel 2023', 'WWE Crown Jewel', 'Crown Jewel peacock', 'Crown Jewel', 'Crown Jewel match', 'Crown Jewel highlight', 'Crown Jewel clip', 'Crown Jewel watch', 'roman reigns', 'Logan Paul']|2023-11-04T22:09:12Z|1134810|18127|0|1619|PT13M54S|hd|false|Sports|2023-11-05 14:26:56.029816
o03STclgxSc|World of Warcraft|"The War Within Announce Cinematic | World of Warcraft"|"Our heroes Anduin and Thrall find themselves drawn together by a radiant vision emanating from within the heart of the world. Find out what comes next in the opening chapter of The Worldsoul Saga story arc with the newest expansion World of Warcraft: The War Within: coming in 2024.

Pre-purchase the Epic Edition of World of Warcraft: The War Within and unlock rewards today: https://shop.battle.net/product/world-of-warcraft-the-war-within?utm_source=youtube.com&utm_campaign=mktg-wow-global-11-prepurchase&utm_medium=video&utm_content=yt_video

Learn more and pre-purchase today at https://worldofwarcraft.com/

â–º Latest WoW news: http://worldofwarcraft.com/news 
â–º Subscribe to WoW: http://blizz.ly/WoWYTSub
â–º Visit WoW on Battle.net: https://us.shop.battle.net/en-us/family/world-of-warcraft
--
â–º Follow Warcraft on Twitter: https://twitter.com/warcraft 
â–º Follow Warcraft on Instagram: https://instagram.com/warcraft 
â–º Like Warcraft on Facebook: https://facebook.com/warcraft"|['the war within', '11.0', 'anduin', 'thrall', 'azeroth', 'sargeras', 'sword', 'worldsoul saga', 'worldsoul', 'world of warcraft the worldsoul saga', 'wow the worldsoul saga', 'wow the war within', 'world of warcraft the war within', 'world of warcraft', 'warcraft', 'wow', 'blizzard', 'blizzard entertainment']|2023-11-03T19:44:41Z|1614800|59239|0|3709|PT4M57S|hd|true|Gaming|2023-11-05 14:26:56.029818
UNo0TG9LwwI|HYBE LABELS|ì •êµ­ (Jung Kook) 'Standing Next to You' Official MV|"ì •êµ­ (Jung Kook) 'Standing Next to You' Official MV

'GOLDEN' Release
ğŸ’½ https://ingrv.es/JungKookGolden

Credits:
Director: Tanu Muino
Producer: Maurizio Von Trapp
Production Company: UnderWonder Content
Exec Producers: Frank Borin x Ivanna Borin
Director of Photography: Nikita Kuzmenko
Production Designer: Jose Tirado
Editor: Carlos Font Clos (Main Video), Chris Simms (Choreo Video)
Colorist: Joseph Bicknell @ Company3
VFX: Tilt VFX & Roma VFX
Production Service: Lions Budapest
Producers Lions: Milan Szabo x Eszter Repas


BIGHIT MUSIC. Rights are reserved selectively in the video. Unauthorized reproduction is a violation of applicable laws. Manufactured by BIGHIT MUSIC, Seoul, Korea.


Connect with BTS:
https://ibighit.com/bts
http://twitter.com/BTS_bighit
http://twitter.com/BTS_twt
http://www.facebook.com/bangtan.official
https://www.youtube.com/user/BANGTANTV
http://instagram.com/BTS.bighitofficial
https://www.tiktok.com/@bts_official_bighit
https://weverse.onelink.me/qt3S/94808190
https://www.weibo.com/BTSbighit
https://www.weibo.com/BTSmembers
http://btsblog.ibighit.com


#JungKook_GOLDEN #StandingNextToYou #ì •êµ­ #JungKook"|['HYBE', 'HYBE LABELS', 'í•˜ì´ë¸Œ', 'í•˜ì´ë¸Œë ˆì´ë¸”ì¦ˆ', 'ì •êµ­', 'Jung Kook', 'ë°©íƒ„ ì •êµ­', 'BTS', 'ë°©íƒ„ì†Œë…„ë‹¨', 'BTS Jung Kook']|2023-11-03T04:00:01Z|19091587|2527603|0|160635|PT3M47S|hd|true|Music|2023-11-05 14:26:56.029820
aN3ZbIiqQQ0|Grian|Secret Life: Episode 3 - DOUBLE LIFE?|"LIFE MERCH: https://lifeseries.shop/ 
(Orders before 5th November 2023 will be delivered before Christmas!)

EU & UK Orders: We have absorbed some of the shipping fees to give you a flat rate based on weight of order, and other fees are paid upfront so no surprises with duties. More info on the website.

Welcome to the next life series, secret life! We have 30 hearts per life, no regen and a whole bunch of secrets! If you would like to suggest a task, leave it in the comments! Remember we are looking for social interactions and funny content. 

We can do /gift to give away 1 free heart per session.

Members: 
Grian: https://www.youtube.com/@grian
Smallishbeans: https://www.youtube.com/@SmallishBeans
Smajor1995: https://www.youtube.com/@Dangthatsalongname
bigbst4tz2: https://www.youtube.com/@Bigbst4tz22
Etho: https://www.youtube.com/@EthosLab
BdoubleO100: https://www.youtube.com/@bdoubleo
PearlescentMoon: https://youtube.com/@PearlescentMoon
InTheLittleWood: https://www.youtube.com/@martyn
GoodTimeWithScar: https://www.youtube.com/@GoodTimesWithScar
impulseSV: https://www.youtube.com/@impulseSV
Tango: https://www.youtube.com/@TangoTekLP
ZombieCleo: https://www.youtube.com/@ZombieCleo
SolidarityGaming: https://www.youtube.com/@SolidarityGaming
Skizzleman: https://www.youtube.com/@MCSkizzleman 
Geminitay: https://www.youtube.com/@GeminiTayMC
Mumbo Jumbo: https://www.youtube.com/@thatMumboJumbo
LDShadowLady: https://www.youtube.com/@ldshadowlady


#ad  - Sales from merch will support all life members who opted in."|['grian', 'secret life', 'life series', 'episode 2']|2023-11-03T18:00:00Z|1337313|85188|0|7240|PT39M9S|hd|true|Gaming|2023-11-05 14:26:56.029822
YIW1I7b92pc|Evbo|Minecraft but I BATTLE a PARKOUR MASTER|"Minecraft but I BATTLE a PARKOUR MASTER...the EPIC 5TH EPISODE of parkour civilization...will I be able to defeat a parkour master?...or will I fail...

Voice Actors: Evbo, Teddy, @seawattgaming 
Actors: Evbo, Teddy

Join My Discord!
https://discord.gg/cbnFGNz

Follow me on Twitch, Twitter, and Tiktok!
Tiktok: @evboshorts
Twitter: twitter.com/evbolive
Twitch: https://www.twitch.tv/evboliveâ€‹â€‹â€‹â€‹â€‹â€‹â€‹â€‹â€‹

Check out MCProHosting to host a server!
https://mcph.to/Evbo
Use promo code ""Evbo""!

Music/FX:
""Stay The Course""
Kevin MacLeod (incompetech.com)
Licensed under Creative Commons: By Attribution 4.0
#minecraft"||2023-11-04T22:14:23Z|575026|20343|0|1735|PT11M12S|hd|false|Gaming|2023-11-05 14:26:56.029824
B77u8cjaYIs|Magic The Noah|This Is The Worst Game Iâ€™ve Made|||2023-11-04T15:00:15Z|315821|24120|0|988|PT41M35S|hd|false|Entertainment|2023-11-05 14:26:56.029826
-ugIcuv5KsQ|PrestonPlayz|Testing Scary Minecraft Secrets That Are Actually True...|"ğŸ‘• MERCH - http://www.firemerch.com/?r=PZ-23-133 

ğŸ”¥ NEW Fire Merch App - https://tinyurl.com/mvsnxr6

â¤ï¸ FRIENDS
@TBNRfrags 


ğŸ‘€ FOLLOW ME HERE!
â˜› TikTok - https://www.tiktok.com/@preston
â˜› Instagram - https://instagram.com/prestonplayz
â˜› Twitter - https://twitter.com/Preston
â˜› PrestonShorts - https://bit.ly/2VrTLIr

ğŸ® Join my Fan Discord! 
â˜› http://discord.gg/Preston

------------------------------

Additional music provided by Epidemic Sound
Click here for a free trial!  http://share.epidemicsound.com/TBNR

#minecraft

If you believe your copyrighted work was unintentionally used in this video without permission, please contact us at copyright@tbnr.net"|['minecraft', 'preston', 'brianna', 'gaming', 'funny', 'family friendly', 'ssundee', 'unspeakable', 'mrbeast', 'aphmau', 'canman', 'lankybox', 'cash minecraft', 'nico mc', 'stokestwins', 'gametoons', 'maizen', 'eyestreem']|2023-11-04T14:15:00Z|623559|12052|0|798|PT13M48S|hd|false|Gaming|2023-11-05 14:26:56.029828
mziK5rV261c|Doobus Goobus|Phoniex Wright Snaps|"Made for Lythero's newest Marvel vs. Capcom video. linked right here:
https://www.youtube.com/watch?v=jJOl_zbzMZs&t=775s&ab_channel=Lythero

It uses audio from that video instead of from the usually scripted cartoons. so how much this is canon is up to lil' ol' you viewer! yaaaaaay!

Merch and Shirts: https://tinyurl.com/Goobmerch
My Newgrounds: https://doobus-goobus.newgrounds.com/
My Twitter:  https://twitter.com/DoobusGoobus"|['ace attorney', 'phoniex wright', 'maya fey', 'capcom', 'marvel', 'modok', 'felicia', 'dark stalkers', 'resident evil', 'wesker', 'mega man', 'zero', 'tronne bonne', 'devil may cry', 'vergil', 'animation', 'animated', 'cartoon', 'comedy', 'funny', 'lythero', 'fighting game', 'MvC3', 'Marvel vs capcom 3']|2023-11-04T19:00:32Z|307109|38712|0|703|PT59S|hd|true|Gaming|2023-11-05 14:26:56.029830
EhhOin2p5Qs|Real Engineering|The Insane Engineering of the F-16|"Get Nebula for 50% off with my link: https://go.nebula.tv/realengineering

Watch this video ad free on Nebula: https://nebula.tv/videos/realengineering-the-insane-engineering-of-the-f16

Thank you to David Kern of Daedalus Aerospace: https://www.daedalusaero.space/?ref=cee300

Links to everything I do: 
https://beacons.ai/brianmcmanus

Get your Real Engineering shirts at: https://standard.tv/collections/real-engineering

Credits:
Writer/Narrator: Brian McManus
Editor: Dylan Hennessy 
Animator: Mike Ridolfi 
Animator: Eli Prenten
Sound: Graham Haerther
Thumbnail: Simon Buckmaster 

References
[1] https://ndupress.ndu.edu/Media/News/News-Article-View/Article/2076617/adapting-to-disruption-aerial-combat-over-north-vietnam/
[2] hhttps://www.archives.gov/files/declassification/iscap/pdf/2011-052-doc1.pdf
[3]https://ntrs.nasa.gov/api/citations/19790019972/downloads/19790019972.pdf 
[4] https://apps.dtic.mil/sti/citations/ADA067122 
[5] https://www.f-16.net/f-16_armament_article5.html 
[6] https://www.gd-ots.com/armaments/aircraft-guns-gun-systems/f-16/ 
[7]https://blueaero.com/wp-content/uploads/2018/05/Moog-F16-LEFSD-1.pdf  
[8] https://www.moog.com/content/dam/moog/literature/Aircraft/military_aftermarket/Moog-F16-Brochure.pdf 


Select imagery/video supplied by Getty Images
Thank you to AP Archive for access to their archival footage.

Music by Epidemic Sound: http://epidemicsound.com/creator

Thank you to my patreon supporters: Abdullah Alotaibi, Adam Flohr, Henning Basma,  Hank Green,  William Leu, Tristan Edwards, Ian Dundore, John & Becki Johnston. Nevin Spoljaric, Jason Clark, Thomas Barth, Johnny MacDonald, Stephen Foland, Alfred Holzheu, Abdulrahman Abdulaziz Binghaith, Brent Higgins, Dexter Appleberry, Alex Pavek, Marko Hirsch, Mikkel Johansen, Hibiyi Mori. Viktor JÃ³zsa, Ron Hochsprung"|['engineering', 'science', 'technology', 'education', 'history', 'real']|2023-11-04T14:00:13Z|547777|25939|0|1304|PT40M53S|hd|true|Science & Technology|2023-11-05 14:26:56.029832
AQfRHycUsmQ|PlayOverwatch|"Mauga | New Hero Gameplay Trailer | Overwatch 2"|"Overwatch 2â€™s latest Tank Hero Mauga is charging his way to the battlefield!

Equipped with two chain guns (Gunny and Cha-Cha), Mauga is ready to bash through the front lines of his opponents and tear through anyone that stands in his way with tons of fire-power. Get acquainted with Maugaâ€™s ability kit in his Gameplay Trailer and hop into Overwatch 2 Nov 3-5 to play him in a limited-time free trial.

Mauga makes his official debut in Overwatch 2 Season 8 on Dec 5!
_
Follow #Overwatch2 for the latest news:
Instagram: https://www.instagram.com/playoverwatch
TikTok: https://www.tiktok.com/@overwatch
Twitter: http://www.twitter.com/playoverwatch 
Facebook: http://www.facebook.com/playoverwatch"|['Overwatch 2', 'Overwatch']|2023-11-03T18:23:19Z|1441115|65062|0|7571|PT2M3S|hd|true|Gaming|2023-11-05 14:26:56.029834
VMUPrIMYF6E|WolfeyVGC|How I Won a Tournament with a Strange Pokemon...|"Sneasler is a Pokemon that's gotten almost no recognition since being added to Scarlet and Violet, so I thought I'd change that.

Check out all my Scarlet and Violet videos here: https://youtube.com/playlist?list=PLb_5fF_O3FvjEglm1tAGgGVuJo4YTzrV4

Check out the secret channelâ–º: https://www.youtube.com/channel/UCQqZ2N5NxMlKBUoC5mRbtNQ

#Pokemon #ScarletViolet #WolfeyVGC
Tiktokâ–º: https://www.tiktok.com/@wolfeyvgc
Twitterâ–º: https://twitter.com/WolfeyGlick
Instagramâ–º: https://www.instagram.com/wolfeyglick/
Thumbnail Artistâ–º: https://linktr.ee/Ceejindeed

0:00 Intro
0:58 The Team Explained
1:08 The Tournament Explained
1:12 Round 1
1:19 Round 2
2:45 Round 3
3:49 Round 4
5:56 Round 5
7:23 Round 6
9:35 Top 16
11:00 Top 8
12:46 Top 4
14:27 Finals"|['Wolfey', 'Pokemon', 'VGC', 'Wolfe Glick', 'Competitive Pokemon', 'Pokemon VGC', 'twitch', 'pokemon nuzlocke', 'nuzlocke', 'hardcore nuzlocke', 'smallant', 'ludwig', 'pokemon challenge', 'pokemon challenges', 'alpharad', 'wolfeyvgc', 'purplecliffe', 'pm7', 'pokemen7', 'mandjtv', 'shiny pokemon', 'pokemon scarlet', 'pokemon violet', 'scarlet', 'violet', 'scarlet and violet', 'quaxly', 'sprigatito', 'sneasler', 'pokemon tournament', 'wolfey tournament', 'wolfe glick tournament', 'vgc tournament', 'competitive pokemon tournament', 'vgc worlds', 'pokemon worlds']|2023-11-04T15:00:25Z|275339|13700|0|319|PT18M1S|hd|false|Gaming|2023-11-05 14:26:56.029836
aPO5JaShu2U|Brick Technology|Sinking Lego Ships|"Building and testing various Lego machines to sink multiple Lego boats and ships in a large fish tank. Throughout the video, it becomes increasingly challenging to sink the Lego ships.


Chapters:

00:00 Canon
01:18 Vortex
03:06 Wave Machine
04:41 Catapult
07:43 Pump
08:41 Crane

Lego Ships used in this video:


Explorer Boat 60377: https://amzn.to/49gpLEd
Fire Boat 60373: https://amzn.to/3u10xcG
Lego Jurassic World Ship 76942: https://amzn.to/49mwzQr
Arctic Research Ship 60368: https://amzn.to/3u2bVoV


BuWizz 2.0 and 3.0 Bluetooth controlled rechargeable battery box: https://buwizz.com/shop/1-buwizz?ref=155
https://buwizz.com/shop/buwizz-3-0-pro/
BuWizz Motor: https://buwizz.com/shop/buwizz-motor?ref-155
Power Supply: https://amzn.to/46VBTZF
Rubber band: https://amzn.to/3QJJCnO
BrickController2 (App to use Gamepad with Lego): https://bit.ly/3JypnV0

Please note: I get a commission if you buy via Amazon or BuWizz link above. Thanks for your support.

Where I get my Lego parts from: https://www.bricklink.com/v2/main.page

Music: Smokey's Lounge - TrackTribe
Waltz of the Fowers - Tchaikovsky


â€‹#bricktechnology
#legotechnicâ€‹
#lego
#asmr
#engineering
#experiment
#vortex
#wave"|['Brick technology', 'lego technic', 'technic', 'technology', 'lego', 'Lego asmr', 'Asmr', 'Building lego asmr', 'engineering lego', 'engineering lego projects', 'lego engineering challenges', 'engineering challenges', 'lego machines', 'lego mechanism', 'lego contraptions', 'Lego Wave Machine', 'Lego vortex', 'Lego rail gun', 'Lego water pump', 'lego pumps', 'Lego catapult', 'Lego centrifugal pump', 'Lego crane', 'lego vortex machine']|2023-11-04T16:43:53Z|1729779|68525|0|1633|PT11M33S|hd|false|Science & Technology|2023-11-05 14:26:56.029838
aau-c8l5z9c|Genshin Impact|"Character Teaser - ""Furina: Member of the Cast"" | Genshin Impact"|"""In real life, we've all seen flowers wilt, been caught out in the rain, and heard of ships being lost without a trace...
But despite all this, there's something that I am convinced is still worth believing â€”
That, at least on the stage, people's fate is in their own hands.""
Download FREE: https://hoyo.link/d0vPBBAd

#GenshinImpact #HoYoverse #Character #Teaser #Furina

â†“ Follow us for the latest news â†“
HoYoLAB: https://hoyo.link/34115CA6
Official Website: https://hoyo.link/b7SCBOAd
Official Community: https://hoyo.link/52uYBBAd
Facebook: https://hoyo.link/77SCB0Ad
Twitter: https://hoyo.link/7bSCBxAd
Twitch: https://hoyo.link/4bSCBFAd
Instagram: https://hoyo.link/a6SCBEAd
Reddit: https://hoyo.link/c1SCBIAd"|['Amber', 'amber vtuber', 'genshi', 'genshi game', 'genshi impact', 'genshi video', 'genshin', 'genshin game', 'genshin impact', 'genshin impact 2020', 'genshin impact game', 'genshin impact good', 'genshin impact graphics', 'genshin impact introduction', 'genshin impact manga', 'genshin impact wiki', 'geshin', 'geshin game', 'Teyvat', 'yuanshen game', 'miHoYo China', 'miHoYo Japan', 'adventure story', 'open world game', 'anime style', 'MMORPG', 'anime games', 'mobile game', 'MMO PlayStation', 'yt:cc=on']|2023-11-05T04:00:00Z|1064944|142044|0|5710|PT2M16S|hd|true|Gaming|2023-11-05 14:26:56.029840
RLVjhKxNVrQ|HopeScope|Melting ULTRA Realistic VIRAL TikTok Candles|"Use code HOPESCOPE50 to get 50% off your first Factor box  at ğŸ‘‰ğŸ» https://bit.ly/3Q0ghUE !
Thank you to Factor75 for Sponsoring this video!


Watch these videos NEXT :)
I Bought viral TikTok candy:
https://youtu.be/hf8uS5meTW0?si=I7Sr6hiR-dovmGkg
I Bought satisfying viral TikTok products:
https://youtu.be/8IdCf9tRr6s?si=buv-dsCtDF5vp-rM

Subscribe to my shorts channel!
https://www.youtube.com/channel/UCnk1idRUmwhdpy_5Il1unfw

Hopescope MERCH :)
https://hopescope.com/products/hopeful-tee

@HopeScope on INSTAGRAM for Giveaways, workouts and more!
https://www.instagram.com/hopescope

@HopeScope on TIKTOK for some laugh"|['food candles', 'melting candles', 'oddly satisfying', 'oddly satisfying video that makes you sleepy', 'melting wax figure', 'safiya nygaard franken', 'melting candles at home', 'oddly satisfying food', 'safiya nygaard mixing candles', 'food shaped candles', 'food scented candles', 'food candles compilation', 'safiya melting candles', 'safiya mixing every', 'safiya nygaard mixing nail polish', 'safiya mixing', 'safiya melting', 'melting wax storytime', 'melting wax to make candles', 'melting candle video']|2023-11-04T14:30:07Z|423995|16398|0|964|PT14M5S|hd|false|Howto & Style|2023-11-05 14:26:56.029842
0FKaIiRhUME|Let's Game It Out|I Broke This Game So Hard, Its Whole Universe Gave Up - Outpath|"ğŸ•¹Stop torturing yourself and get Opera GX: https://operagx.gg/LetsGameItOut8  Sponsored by Opera GX

JOIN MY STREAMS! â–º https://www.twitch.tv/letsgameitout

Merch!  â–º http://bit.ly/LetsGameItOutStore

Subscribe if you enjoy! â–º http://bit.ly/letsgameitout_show

Twitter â–º https://twitter.com/letsgameitout
TikTok â–º https://www.tiktok.com/@letsgameitout
Facebook â–º https://www.facebook.com/letsgameitout

Want more LGIO?!

More Simulator Mayhem â–º https://www.youtube.com/watch?v=UqaNKNgSxYI&list=PLrBjj4brdIRzn3ja4BfqYUForg0p-p5wi

Funny Tycoon Games â–º https://www.youtube.com/watch?v=UqaNKNgSxYI&list=PLrBjj4brdIRwf14QPGmfDXCQQrDs860ig

The Finest One-Offs â–º https://www.youtube.com/watch?v=zIOFGCbwJSs&list=PLrBjj4brdIRwKf72d6spk7fSHhwwYuQu1

Some Truly Bizarre Games  â–º https://www.youtube.com/watch?v=zIOFGCbwJSs&list=PLrBjj4brdIRyM5mUsHwPN0PH6UVNfeNl2

I Broke This Game So Hard, Its Whole Universe Gave Up - Outpath - Let's Game It Out

#LetsGameItOut #Simulation

----------

Check it out on Steam â–º https://store.steampowered.com/app/2237970/Outpath/

More about Outpath (from Steam):

Taking Satisfactory, Forager and the gratifying gameplay loop of clicker/idle games as references, Outpath would be just that. Exploit your environment, craft, build and automate your base in this 3D first-person platformer!

Gather. Craft. Build. Explore. Relax. No time limits, no pressure, play at your own pace and style.

Gather, collect and manage resources.
Craft useful items.
Base building, automate everything.
Buy islands to expand and exploit!
Fishing.
Level up skills and unlock new blueprints.
Parkour movements.
Play active or idle, you choose!
Music reacts to your actions.
Uncover the secrets of this stylized place."|"[""let's game it out"", 'lets game it out', 'let game it out', ""let'sgameitout"", 'letsgameitout', 'letgameitout', 'game it out', 'gameitout', 'lgio', ""josh let's game it out"", ""let's game it out josh"", 'lgio josh', 'josh lgio', ""let's game it out simulator"", 'josh simulator', 'funny moments', 'outpath', 'outpath game', 'outpath gameplay', 'i broke this game', 'satisfactory game', 'clicker games', 'forager like']"|2023-11-03T15:00:00Z|1249459|72023|0|2578|PT27M14S|hd|false|Gaming|2023-11-05 14:26:56.029843
eAdsNiMqO-4|Tee Grizzley|Tee Grizzley - The Sopranos (feat. MGK) [Official Video]|"The official video for Tee Grizzley's ""The Sopranos"" featuring @machinegunkelly - OUT NOW!

Stream ""The Sopranos"": https://teegrizzley.lnk.to/teesconeyisland

Subscribe to Tee Grizzley's Channel: http://flyt.it/SubscribeTee

Follow Tee:
https://www.tiktok.com/@tee_grizzley
https://www.instagram.com/teegrizzley/
https://twitter.com/teegrizzley
https://www.facebook.com/teegrizzley1/
https://open.spotify.com/artist/6AUl0ykLLpvTktob97x9hO?si=xNQXzi90TwSK8oYD4s5JsA
https://music.apple.com/us/artist/tee-grizzley/1177271472

Follow MGK:
https://www.tiktok.com/@machinegunkelly
https://www.instagram.com/machinegunkelly/
https://twitter.com/machinegunkelly
https://www.facebook.com/machinegunkelly/
http://machinegunkelly.com

#TeeGrizzley #MachineGunKelly  #GrizzleyGang #TheSopranos

â„— 2023 Grizzley Gang Music under exclusive distribution by 300 Entertainment"|['Tee Grizzley', '2 Vaults', 'Activated', 'Chris Brown', 'Hip Hop', 'Detroit', 'TeeGrizzley', 'Jettski Grizzley', 'Bloodas', 'Lil Yachty', 'Rap', 'TGrizzly', 'Jetski Grizzley', 'Trap', 'No Effort', 'Wrold star', 'Tgrizzley', 'Tee Grizzley - The Sopranos (feat. MGK) [Official Video]', 'tee grizzley', 'tee grizzley the sopranos', 'the sopranos tee grizzley', 'the sopranos machine gun kelly', 'mgk', 'MGK', 'the sopranos', 'tee grizzley mgk', 'machine gun kelly tee grizzley', 'tee grizzley machine gun kelly', 'the sopranos tee grizzley mgk']|2023-11-03T16:00:17Z|564779|35290|0|2682|PT3M44S|hd|false|Music|2023-11-05 14:26:56.029845
f-KMpPn4AnI|Muselk|Recreating ICONIC OG Fortnite Moments... (Chappadoodle is back)|"OG EVERYTHING BABY!
Go Play slap battles! CODE: 9544-7875-3397

Join the DISCORD: https://discord.gg/muselk
Second Channel! https://www.youtube.com/user/MuselkGames
Muselk Merch: https://muselk.store
Become a Channel Member: https://www.youtube.com/channel/UCd534c_ehOvrLVL2v7Nl61w/join"|['fortnite', 'fortnitebr', 'battle', 'royale']|2023-11-04T17:09:31Z|176252|9808|0|343|PT11M32S|hd|false|Gaming|2023-11-05 14:26:56.029851
ICr_GDjyJG8|The Drew Barrymore Show|"Pauly Shore Proposes to Drew Barrymore | The Drew Barrymore Show"|"Pauly Shore opens up to Drew Barrymore about some of the challenges he's faced in finding a partner... and surprises her with a proposition!

#DrewBarrymoreShow #PaulyShore

Subscribe to The Drew Barrymore Show: https://www.youtube.com/channel/UCWIj8e2_-uK1m886ADSYO6g?sub_confirmation=1 

Keep the party going with a visit to https://thedrewbarrymoreshow.com

FOLLOW THE DREW BARRYMORE SHOW
Instagram: https://www.instagram.com/thedrewbarrymoreshow
Twitter: https://twitter.com/DrewBarrymoreTV
Facebook: https://www.facebook.com/TheDrewBarrymoreShow
Pinterest: https://www.pinterest.com/thedrewbarrymoreshow
Snapchat: https://www.snapchat.com/add/drewbarrymoretv
TikTok: https://www.tiktok.com/@thedrewbarrymoreshow 

FOLLOW DREW BARRYMORE
Instagram: https://www.instagram.com/drewbarrymoreshow
Twitter: https://twitter.com/DrewBarrymore
Facebook: https://www.facebook.com/DrewBarrymore
Pinterest: https://www.pinterest.com/drewbarrymoreshow
 
The Drew Barrymore Show is daytime's brightest destination for intelligent optimism and maximum fun, featuring everyone's favorite actor, businessperson, mom and cultural icon, Drew Barrymore! From news to pop culture, human interest to comedy - you'll discover it here with Drew along with the beauty and wisdom, as well as the heart and humor in life.

Pauly Shore Proposes to Drew Barrymore | The Drew Barrymore Show
http://www.youtube.com/thedrewbarrymoreshow"|['drew barrymore', 'drew barrymore show', 'drew barrymore talk show', 'drew show', 'drew', 'interview', 'drew barrymore films', 'drew barrymore e.t.', 'drew barrymore news', 'drew barrymore career', 'talk show', 'pauly shore', 'drew barrymore pauly shore', 'drew barrymore engaged', 'drew barrymore proposal', 'drew barrymore married']|2023-11-03T19:00:15Z|588379|3537|0|298|PT3M25S|hd|false|Entertainment|2023-11-05 14:26:56.029853
KrOQSJCvxPg|Ryan Hall, Y'all|Hereâ€™s How Much Snow Youâ€™ll Get This Yearâ€¦|"Get your Y'all-O-Meter 2.0 here: https://shopryanhall.com/yallometer

In this video we are going over how El Nino will impact exactly HOW MUCH snow you will see this winter in your backyard! 

NO PURCHASE NESSESARY to win $1,000 snow measurement submission contest.

https://ryanhallyall.com/yallometercontest
#weatherchannel #ryanhall #ryanhallyall

The Y'all Squad Nonprofit: https://www.theyallsquad.org/
Official Weather Merch: https://shopryanhall.com/

Join this channel to get access to exclusive perks:
https://www.youtube.com/channel/UCJHAT3Uvv-g3I8H3GhHWV7w/join
_____________________________________
How Much Snow You Usually Get: 0:00

El Nino Update: 1:54

How Much Snow You Will Get This Year: 4:20

Measuring Snow Pays Well: 6:10
_____________________________________
Subscribe to these other channels:

Ryan Hall, Y'all XTRA: https://www.youtube.com/@RyanHallYallXTRA
Y'all Squad: https://www.youtube.com/@YallSquad
Meteorologist Andy Hill: https://www.youtube.com/@metandyhill

Check out the Y'all Squad discord server!
https://discord.gg/ryanhallyall

Follow me on these things:

https://www.facebook.com/ryanhallyall
https://twitter.com/ryanhallyall
https://www.instagram.com/ryanhallyall/
https://www.tiktok.com/@ryanhallyall
https://www.twitch.tv/ryanhallyall

OFFICIAL WEBSITE: https://ryanhallyall.com/

BUSINESS INQUIRIES: info@ryanhallyall.com

Ryan's PO Box
PO Box 2668
Pikeville, KY 41501

The Y'all Squad PO Box
PO Box 3068 
Pikeville, KY 41501

Please refer to your local National Weather Service office to get the most reliable and up to date weather information as possible."|['weather', 'weather forecasting', 'forecasting', 'forecast', 'wild weather', 'extreme weather', 'intense weather', 'beautiful weather', 'weather channel', 'weather hunter', 'severe weather', 'major', 'intense', 'extreme', 'historic', 'blizzard', 'snow', 'heavy snow', 'major snow storm', 'snowstorm', 'snow squall', 'one foot snow', 'two feet snow', 'winter storm', 'tornado', 'tornado chasing', 'tornado chasers', 'storm chasing', 'storm chasers', 'tornadoes', 'ef5', 'hurricane', 'major hurricane', 'ryan hall']|2023-11-03T19:31:06Z|1864557|50868|0|2600|PT8M13S|hd|true|Entertainment|2023-11-05 14:26:56.029855
HDFiS0GAp8o|TheOdd1sOut|Odd1sOut Anime Opening|"https://theodd1sout.com/
â‡§â‡§â‡§â‡§â‡§â‡§â‡§â‡§â‡§â‡§â‡§â‡§â‡§â‡§â‡§â‡§â‡§â‡§â‡§â‡§â‡§â‡§â‡§â‡§
Black Friday deals have now started!!!!  

Song  
""Mokusei"" Richaadeb 
https://www.youtube.com/watch?v=DStOFB3UiCM 

Storyboards
Emilee Dummer â¤ https://www.instagram.com/edummerart/ 

Animation
Kelly Jensen â¤ https://www.instagram.com/kelly_anne_art/
Riki Kuniyuki â¤ https://www.instagram.com/rikikuniyuki_art/

Charcter Rigs 
Claire Anne â¤ https://www.instagram.com/claireanneillustration

Backgrounds
Amelia Rosenbalm â¤ https://www.instagram.com/galloame/
Kelly Jensen â¤ https://www.instagram.com/kelly_anne_art/
Manon Hale"||2023-11-04T15:20:24Z|349151|38211|0|3748|PT1M58S|hd|false|Comedy|2023-11-05 14:26:56.029857
NeKK3hFguKw|Carvs|I Found Minecraft's Top Speed|"Thanks to Arena Breakout for sponsoring this video! Register and download Arena Breakout  using my link! https://rebrand.ly/ArenaBreakoutCarvs

I find The Fastest ways to travel In Minecraft, Because just using a elytra is getting boring :)

WE HIT A MILLION SUBSCRIBERS! I CANT THANK YOU GUYS ENOUGH. Expect another video next Friday ;) (its going to be a big one)

#minecraft #hardcore #but"|['Carvs', 'Carves', 'Carve Minecraft']|2023-11-04T02:47:05Z|557603|18926|0|1061|PT35M32S|hd|false|Gaming|2023-11-05 14:26:56.029859
o2C35kWHPAA|CaseyNeistat|My New Career as a Male Model and Professional Skateboarder|"watch the actual commercial - https://youtu.be/LvJcxA3jpJI?si=_J3D_00jmZeCurd9

music by Jeff Kaale - https://linktr.ee/jeffkaale_"||2023-11-04T14:34:00Z|399635|28885|0|1571|PT9M52S|hd|false|People & Blogs|2023-11-05 14:26:56.029861
pZGxy7WoMdg|GLITCH|N Calls Everyone|"ANNOUNCING the Voice Actors and @Saberspark as the host for GLITCHX's Voice Actor Gameshow segment! 
The voice actors are gonna say some weird stuff, im sure thereâ€™ll be no consequences ğŸ¤ 

MORE INFO: http://glitchexpo.com"|['meta runner', 'glitch productions', 'funny', 'video game', 'webtoon', 'cartoon', '3d animation', 'animation', '2d animation', '3d art', 'animated web series', 'web series', 'online animation', 'newgrounds', 'nintendo', 'fortnite', 'minecraft', 'smg4', 'mario', 'supermarioglitchy4', 'anime', 'western shounen', 'naruto', 'my hero academia', 'zelda', 'glitch']|2023-11-03T19:00:34Z|4015292|386867|0|16849|PT4M54S|hd|false|Film & Animation|2023-11-05 14:26:56.029863
O_xag1kViz0|Ice Cream Sandwich|which pill would you choose?|"Get NordVPNâ€™s 2 year plan + 4 extra months free here: (https://nordvpn.com/icecreamsandwich) Itâ€™s risk free with NordVPNâ€™s 30 day money back guarantee!

i like these ""choose a pill"" posts i see, so i made a video about it. maybe they aren't the most balanced, but i tried my best. the transformation arms was very popular, and i think it's cool too. the health pill might be the best though the more you think about it. if it were up to me i would choose that one. 

animators: 
DavidToons - https://twitter.com/DavidToons_
BigChapula - https://twitter.com/bigchaslappa
AbnormalChaos - https://linktr.ee/abnormalchaos
and me :)


Thank you for watching.

MERCH IS HERE:
https://icecreamsandwich.store/
ğŸ“± twitter:
https://twitter.com/ICSandwichGuy
ğŸ“· instagram:
https://www.instagram.com/icecreamsandwichguy/"||2023-11-03T22:01:25Z|855367|92786|0|6136|PT5M58S|hd|false|Comedy|2023-11-05 14:26:56.029864
jNmPssKIPp8|FUERZA REGIDA|Fuerza Regida - FDVP (Video Oficial)|"PA LAS BABYS Y BELIKEADA! YA DISPONIBLE POR TODA PLATAFORMAS.

SHOP FUERZA REGIDA MERCH!
https://fuerzaregida.shop

FOLLOW OUR SOCIAL MEDIA!
FUERZA REGIDA |  https://www.instagram.com/fuerzaregid...
Jesus Ortiz Paz | https://www.instagram.com/jesusortizp...
Moises Lopez | https://www.instagram.com/moiseslopezfr/
Khrys Ramos | https://www.instagram.com/khrysramosfr/
Pelon Garcia | https://www.instagram.com/pelon_tuber...
Samuelon Jaimez | https://www.instagram.com/samuelonfr/

DIRECTOR - Directed By Miguel 

#fuerzaregida #FDVP"|['Fuerza regida', 'JOP', 'FDVP', 'Pa las babys y belikeada', 'Corridos', 'Harley quinn', 'Jesus Ortiz Paz', 'Fuerza regida FDVP', 'MÃºsica mexicana', 'StreetMob rÃ©cords', 'Rancho humilde', 'Video oficial', 'BÃ©lico', 'JOP corrido', 'Pa las babys', 'Fuerza', 'Regida']|2023-11-04T00:00:17Z|557635|26687|0|953|PT2M17S|hd|false|Music|2023-11-05 14:26:56.029866
PCLjZDkpBoY|PlayOverwatch|"Mauga Origin Story | Overwatch 2 | BlizzCon 2023"|"Introducing the one and only, Mauga.

Heâ€™s spent his whole life fighting. Now heâ€™s ready to have some fun.

Hop into Overwatch 2 Nov 3-5 to play him in a limited-time free trial today
_
Follow #Overwatch2 for the latest news:
Instagram: https://www.instagram.com/playoverwatch
TikTok: https://www.tiktok.com/@overwatch
Twitter: http://www.twitter.com/playoverwatch 
Facebook: http://www.facebook.com/playoverwatch"|['Overwatch 2', 'Overwatch']|2023-11-03T21:32:26Z|534417|33689|0|1634|PT2M5S|hd|true|Gaming|2023-11-05 14:26:56.029869
AW55J2zE3N4|The Beatles|The Beatles - Now And Then (Official Audio)|"Now and Then's eventful journey to fruition took place over five decades and is the product of conversations and collaborations between the four Beatles that go on to this day. The long mythologised John Lennon demo was first worked on in February 1995 by Paul, George and Ringo as part of The Beatles Anthology project but it remained unfinished, partly because of the impossible technological challenges involved in working with the vocal John had recorded on tape in the 1970s. For years it looked like the song could never be completed. But in 2022 there was a stroke of serendipity. A software system developed by Peter Jackson and his team, used throughout the production of the documentary series Get Back, finally opened the way for the uncoupling of Johnâ€™s vocal from his piano part. As a result, the original recording could be brought to life and worked on anew with contributions from all four Beatles. This remarkable story of musical archaeology reflects The Beatlesâ€™ endless creative curiosity and shared fascination with technology. It marks the completion of the last recording that John, Paul and George and Ringo will get to make together and celebrates the legacy of the foremost and most influential band in popular music history.

Order/Listen to ""Now And Then"": https://TheBeatles.lnk.to/NowAndThenYT
Pre-order 'Red' and 'Blue': https://TheBeatles.lnk.to/RedAndBlue2023YT 

Watch more videos from The Beatles: https://thebeatles.lnk.to/YTPlaylists
Subscribe to The Beatlesâ€™ YouTube channel & ring the bell to never miss a new video: https://thebeatles.lnk.to/YTSignup
Sign up for The Beatlesâ€™ Official Email List: https://www.thebeatles.com/newsletter
 
Stream The Beatles:
ğŸ™ï¸ Apple Music: https://thebeatles.lnk.to/stream/AppleMusic
ğŸ™ï¸ Spotify: https://thebeatles.lnk.to/stream/Spotify
ğŸ™ï¸ Amazon Music: https://thebeatles.lnk.to/stream/AmazonMusic
ğŸ™ï¸ Pandora: https://thebeatles.lnk.to/stream/Pandora
ğŸ™ï¸ Tidal: https://thebeatles.lnk.to/stream/Tidal
ğŸ™ï¸ Deezer: https://thebeatles.lnk.to/stream/Deezer
ğŸ™ï¸ YouTube Music: https://thebeatles.lnk.to/stream/YouTubeMusic
 
Follow The Beatles:
â­ https://www.thebeatles.com
â­ https://www.instagram.com/thebeatles
â­ https://www.facebook.com/thebeatles
â­ https://www.tiktok.com/@thebeatles
â­ https://twitter.com/thebeatles
 
#TheBeatles #NowAndThen #JohnLennon #PaulMcCartney #GeorgeHarrison #RingoStarr"||2023-11-02T14:01:47Z|7269008|319323|0|32507|PT4M9S|hd|false|Music|2023-11-05 14:26:56.029870
7PAkVIFUZPQ|Rick Beato|The Beatles â€œNow And Thenâ€ My Reaction & Breakdown|"In todays episode I give you my reaction and breakdown of the new Beatles song called ""Now And Then"".

NOW ON SALE:
ğŸ“š The Beato Ultimate Bundle â€” $99 FOR ALL OF Rick's Courses. Get it here: â‡¢ https://rickbeato.com

ğŸ‘‚â€” The Beato Ear Training Program - $99.00 value
ğŸ“˜â€” The Beato Book Interactive - $99.00 value
ğŸ¸ â€” Beato Beginner Guitar - $159.00 value
ğŸ¸â€” The Quick Lessons Pro Guitar Course - $79.00 value

â€¦ all for just $99.00

Get it here: https://rickbeato.com"|['rick beato', 'everything music', 'rick', 'beato', 'music', 'music theory', 'music production', 'education', 'The Beatles', 'George harrison', 'John Lennon', 'paul mccartney', 'ringo starr', 'Now and then', 'Free as a bird', 'Real love', 'Peter Jackson', 'Giles Martin', 'George Martin', 'Strawberry Fields', 'A day in the life', 'New Beatles Song']|2023-11-03T19:54:24Z|792253|45292|0|5853|PT8M5S|hd|false|Music|2023-11-05 14:26:56.029872
QZ64vT8LRu4|Kyle Richh|[41] Kyle Richh, Jenn Carter, TaTa & Dee Billz - Stomp Stomp (Official Music Video)|"#kylerichh  #jenncarter #tata #deebillz 

Download/stream â€œStomp Stomp "" by   @kylerichh_   ,   @jenncarter8380   ,  @tataofficial4232   @realdeebillz_    (41) out now: https://41.lnk.to/StompStomp

Directed by  @Jus_mh  
styled by @simplyravishinimmortal

Kyle Richh Socials: 
https://www.instagram.com/realkylerichh/
https://www.tiktok.com/@kylerichh_

Jenn Carter Socials: 
https://www.instagram.com/therealjenncarter/
https://www.tiktok.com/@therealjenncarter

TaTa Socials: 
https://www.instagram.com/iamlilta/
https://www.tiktok.com/@taabartii

Dee Billz Socials:
https://www.instagram.com/realdeebillz_/
https://www.tiktok.com/@realdeebillz_?is_from_webapp=1&sender_device=pc

Lyrics: 
(Kyle Rich)
Like Damn in the party Iâ€™m not having fun like thinking about using my gun
Iâ€™m tryna spot me a, like
Iâ€™m tryna make me a blunt
You gone tell on the truth
Like they got beat and went straight to the stu
Stomp stomp, that shit was cute
Why do they cap off the shit that they do
Bitch, came with 30 I left with 11
On his body donâ€™t let him get lost
Like we made a movie on (Damn)
What the fuck, Boombaya , How you alive?
Stop the dissing get out of the kitchen
Like when is you coming outside
Too too deep when Iâ€™m on they side
Brodie Oo like a piston
Caught him laking we already blitz em
I could never do bad on a mission
Walk walk down, walk em down just to better the distance
Like he canâ€™t run it ainâ€™t no where to run

(Jenn Carter)

Like he fuck up my vision this shit got me tripping
Bitch Migos Iâ€™m sippin
Latto stay on that timing I call him he clicking
And she love how Iâ€™m dripping
The 40 like soccer the way that itâ€™s kicking
Like what who really on that
Brodie got put on the floor like a doormat
Niggas talking but where he perform at
And if he got no motion I cannot support that
Bitch like, thatâ€™s the sound of the chop
Chop when we came we ainâ€™t knocking
If D in the spot thatâ€™s a billion shots
Glah Iâ€™m first no hesitation
Down on His noggin we making em famous
Like she a baddie she loving my voice

(TaTa)
She a thottie throw it in rotation
Someone Tell me why he sound like a bitch more than Jenny
Since they dissing this block it get heavy
I might be on Chester up posted with the Jetty
Like I might slide with 30 in the clip
And when I leave I bet the shit be empty
They wanna talk money nigga I got plenty

This 40 gone bark itâ€™s sounding like confetti
Like if I hop out this car I might spark em
Shot em Might parallel park em
13 in this rocket Harley ,
Put the dot on his head Iâ€™m not missing my target
Huh, and when Iâ€™m off the â€˜erky I tell her donâ€™t fuck up my
And they manâ€™s keep dying they donâ€™t go and pick up the gun they just go in the stu and they cry

(Kyle Richh)
Like Damn in the party Iâ€™m not having fun like thinking about using my gun
Iâ€™m tryna spot me a, like
Iâ€™m tryna make me a blunt
You gone tell on the truth
Like they got beat and went straight to the stu
Stomp stomp, that shit was cute
Why do they cap off the shit that they do

(Dee Billz)
Boof of this wock in my cup like got two thots I donâ€™t know who the one
Tha thop it shake it for some ones
Dissin on my m, she feeling the gun
My shit donâ€™t got no saftey
Bro rock him to sleep like a baby
All of my pops be dying

Shit crazy I laugh on a daily
In the spot see a baddie with motion
Iâ€™m tryna dive in that ocean
Keepinâ€™ it P I donâ€™t got no emotion
Want no baby I hit with with a Trojan
In the party sipping casamigos
Might switch it and pour up the henny
Tutiâ€™s asking where is Jenny
Told me she gone be here in like 22
Two thots and they both twins
Like Iâ€™m tryna go for the win
Check her down like a pen
Liquor dripping down her chin
We in the party With the Barbies Iâ€™m with the steppers the fuckers and ken
Like fuck it might kick it to
Like I want her and her friend

(Kyle Rich)
Like Damn in the party Iâ€™m not having fun like thinking about using my gun
Iâ€™m tryna spot me a, like
Iâ€™m tryna make me a blunt
You gone tell on the truth
Like they got beat and went straight to the stu
Stomp stomp, that shit was cute
Why do they cap off the shit that they do

RiteOrWrong KVH Entertainment, LLC"||2023-11-03T19:15:10Z|279012|28085|0|1474|PT3M38S|hd|false|Music|2023-11-05 14:26:56.029874
-nZAav393Jg|BennyTheButcherVEVO|Benny The Butcher, Lil Wayne - Big Dog|"Stream/Download: https://BennyTheButcher.lnk.to/BigDog

Follow Benny The Butcher:
Instagram - https://www.instagram.com/getbenny
Facebook - https://www.facebook.com/getbenny
Twitter - https://twitter.com/BennyBsf
TikTok - https://www.tiktok.com/@bennythebutcher

#BigDog #BennyTheButcher #LilWayne"|['Benny', 'The', 'Butcher', 'Lil', 'Wayne', 'Big', 'Dog', 'PS/', 'Def', 'Jam', 'Hip', 'Hop']|2023-11-03T16:00:00Z|362100|30662|0|3247|PT3M10S|hd|true|Music|2023-11-05 14:26:56.029876
0HBPeJIgET0|Evan and Katelyn|Our BIGGEST resin pour yetâ€¦ all to preserve a pumpkin|"We break all the â€œresin rulesâ€ to try preserving a carved pumpkin in resin - by pouring 4.5 gallons at once!. Thanks to our sponsor Squarespace, go to https://www.squarespace.com/evanandkatelyn for 10% off your first purchase. Check out the tools we used below! ğŸ‘‡

ğŸ™ Other sponsors:
TotalBoat: check out the resin we use: https://www.totalboat.com/evanandkatelyn (sponsored affiliate link) (search for Thickset Fathom) 

Want behind-the-scenes content? Check out the Aftershow for:
â€¢ What's already wrong with Chunk 2
â€¢ What our friends and family thought about Chunk 1
â€¢ How we almost incorporated Orbeez
â€¢ Why we chose to attempt the cube again
â€¢ What method we almost went with
â€¢ Our agony and indecision on whether to remake Chunk and try for Chunk 2
â€¢ All the testing we did on the mold that didnâ€™t make it into the video  (aluminum cube, glass + silicone cube, thermal tests)
â€¢ Panic about Chunk 2 floating and his corners pulling away
â€¢ Lessons learned from each pumpkin
Patron members watch it here: https://www.patreon.com/posts/92230348?pr=true
YouTube Members, watch it here: https://youtu.be/oaZ1fSex128
Not a Patron yet? Join here: https://www.patreon.com/evanandkatelyn
Not a YouTube Member? Join here: https://youtube.com/evanandkatelyn/join

TOOLS & MATERIALS (affiliate & sponsor links)
Resin https://www.totalboat.com/evanandkatelyn (sponsored affiliate link) (search for Thickset Fathom) 
Resin pump https://amzn.to/3MsOrj3 
Fridge https://amzn.to/47iLEB1 
Vacuum chamber https://amzn.to/3Mq4IoO 
Alcohol ink https://amzn.to/2OxOcGw 
Drill https://amzn.to/3BvzDYS 
Drill mixing attachment https://amzn.to/3mW5FZX 
Hole saw kit https://amzn.to/2POFHEI 
Miniature pumpkins https://amzn.to/3FOnuCp 
Space helmet masks https://amzn.to/3txh1ac (beware sticker shock)
Mask backpack adapter https://amzn.to/3Fz9zhd 
ğŸ›’ Our favorite tools/materials on our Amazon page: https://amazon.com/shop/evanandkatelyn 

Want more E&K videos? We have more channels:
ğŸ® Gaming: https://youtube.com/evanandkatelyngaming
ğŸ™ï¸ Podcast: https://www.youtube.com/evanandkatelynpodcast
ğŸ® Gaming Uncut: http://bit.ly/ekuncut
ğŸ‘« E&K 2: https://www.youtube.com/evanandkatelyn2
ğŸ‘« E&K Uncut: https://www.youtube.com/channel/UCdq4aWLdfL6BSkkMjkxuAlw
ğŸ“º Twitch live streams https://www.twitch.tv/evanandkatelyn
âœ‚ Clips https://www.youtube.com/c/EvanandKatelynClips 

SOCIAL/SUPPORT LINKS
ğŸ’µ Patrons can watch our Aftershow here https://www.patreon.com/evanandkatelyn
ğŸ‘• Merch https://shopevanandkatelyn.com/
ğŸ“¸ Instagram & ğŸ“£ Twitter: @evanandkatelyn
ğŸ’¬ Discord https://discord.gg/evanandkatelyn  
ğŸ‘½ Reddit https://www.reddit.com/r/EvanandKatelyn

ğŸ¥ FILMING GEAR (affiliate)
http://bit.ly/eandkfilminggear 

ğŸ¼ MUSIC
Awesome Call, Bumbly March, C-Funk, Covert Affair, Dances and Dames, Darkest Child, Del Rio Bravo, Dance Macabre, Disappointment, Doh De Oh, Electro Cabello, Exciting Trailer, Final Count, Happy Boy, I knew a guy, Kool Kats, Airport Lounge, Lachaim, Marty Gots a Plan, Mining by Moonlight, No Frills Cumbia, Tenebrous Brothers Carnival, Thinking Music, by Kevin MacLeod

Jailbreak Whispers by John Bartmann

Ventilate, Choice, Bounce by David Cutter

*As an Amazon Associate I earn from qualifying purchases.

0:00 Previously on the Pumpkin Saga
1:58 Whatâ€™s new this year?
3:54 Disinfecting tests
5:08 Squash vs pure bleach
7:00 Coloring tests
9:37 Whatâ€™s your favorite?
10:46 Ranking our favorites
12:09 Pumpkin Patch!
13:08 Meet Dingus and Chunk!
14:20 Using power tools to carve pumpkins
17:00 Game plan
19:10 Biggest single pour weâ€™ve ever done
20:45 Abyss of resin
21:00 Numbers with Evan
21:15 Mixing 4.5 gallons of resin
22:50 Kind of a hot mess of a project
26:00 Checking on Chunk
28:40 Demolding Chunk
31:25 First time power carving resin
32:50 Chunk reveal and decision
35:00 Making a tough choice
36:15 Checking on Dingus
36:33 Here we go again
37:20 Dingusâ€™s fate
37:50 This project is cursed man
39:49 Twitch con!
40:03 Nothing about this project can be easy
40:50 Footage of us losing our minds
41:40 Reveal and Comparison"|['Jack oâ€™lantern', 'carved pumpkin', 'pumpkin carving', 'pumpkin carving resin', 'resin pumpkin carving', 'preserving pumpkin', 'preserve in resin', 'resin experiments', 'epoxy experiments', 'science project', 'life hack', 'life hacks', 'DIY resin', 'resin', 'epoxy', 'epoxy resin', 'easy resin crafts', 'halloween DIY', 'DIY Halloween', 'embed in resin', 'embedded in resin', 'pumpkin in resin', 'resin pumpkin', 'evanandkatelyn', 'Evan and Katelyn', 'DIY', 'husband and wife', 'husband wife', 'E&K', 'evan katelyn', 'preserved in resin']|2023-11-03T17:03:30Z|478282|34528|0|6106|PT43M9S|hd|true|Howto & Style|2023-11-05 14:26:56.029878
VvSrHIX5a-0|GODZILLA OFFICIAL by TOHO|GODZILLA MINUS ONE Official Trailer 2|"GODZILLA MINUS ONE

On December 1, a new reign begins. 

Tickets are now on sale: https://ow.ly/EybW50Q3MG1

Written and Directed by Takashi Yamazaki.
In theatres nationwide December 1, 2023. 
See it first at the Early Access Fan Event on November 29, 2023.

Â©2023 TOHO CO., LTD. All rights reserved.

#Godzilla #GodzillaMinusOne

=====

For more information regarding Godzilla, check out our other channels:
Homepage
https://godzilla.com/â€‹

Godzilla Store
https://ow.ly/Tyrm50PQlzE

Instagram
https://www.instagram.com/godzilla_toho/

Twitter
https://twitter.com/Godzilla_Toho

=====

TM & Â© TOHO CO., LTD."|['Godzilla', 'mothra', 'king ghidorah', 'anguirus', 'rodan', 'mechagodzilla', 'mecha-king ghidorah', 'minilla', 'hedorah', 'ebirah', 'kamacuras', 'megalon', 'jet jaguar', 'titanosaurus', 'biollante', 'gigan', 'gabara', 'king caesar', 'varan', 'kumonga', 'manda', 'battra', 'gorosaurus', 'baragon', 'spacegodzilla', 'orga', 'zilla', 'baby godzilla', 'moguera', 'destoroyah', 'megaguirus', 'monster x', 'kaiju', 'godzillasaurus', 'godzilla jr', 'kaizer ghidorah', 'little godzilla', 'shin godzilla', 'gojira', 'godzilla minus one']|2023-11-03T07:00:11Z|2635014|80166|0|5498|PT1M59S|hd|false|Film & Animation|2023-11-05 14:26:56.029880
E7rTIsWgE-o|Amelia Dimoldenberg|"SEAN EVANS | CHICKEN SHOP DATE"|"Amelia meets Hot Ones host Sean Evans for a date in a Chicken Shop.

Created and Written by Amelia Dimoldenberg 
Director: Amelia Dimoldenberg 

Co-Written by Miracle Hurd

Executive Producers: Liv West and Amelia Dimoldenberg 
Producer: Diara Vassallo 

Cam A: Jonathan Moore 
Cam B: Tayo Yusuff 

Sound Op: Paul Oâ€™Hare
Editor: Joseph Bolger

Conform: Matt Easy
Colourist: Fraser Twitchett @ Okay Studio 
Post Producer: Athene Xenia Aristocleous @ Okay Studio
Sound Design/Mix: Mark Duckett @ Bounce 

Animation by Naomi Anderson-Subryan 
Social Media: Jade Whiteley & Ashleigh Kybert
Photographer: Grace Olukanni 

Styling: Chloe Griffin 
Hair: Ellie Fox"||2023-11-03T17:00:10Z|916784|62843|0|1493|PT6M37S|hd|true|Entertainment|2023-11-05 14:26:56.029882
CZLcCeH2dHU|Fortnite|Fortnite Chapter 4: Season OG Gameplay Trailer|"Where we droppinâ€™?

Play Fortnite Battle Royale, the completely free 100-player PvP mode. One giant map, A Battle Bus, Last one standing wins. ESRB Rating: Teen with Violence.

Learn More: https://www.epicgames.com/fortnite/en-US/home"|['yt:cc=on']|2023-11-02T18:39:41Z|6295103|215307|0|15382|PT1M3S|hd|false|Gaming|2023-11-05 14:26:56.029884
